DO (mg/l),BOD (mg/l),COD (mg/l),SS (mg/l),pH (unit),NH3-NL (mg/l),TEMP (Deg C),COND (uS),SAL (ppt),TUR (NTU),DS (mg/l),TS (mg/l),NO3-(mg/l),Cl (mg/l),PO4 (mg/l),As (mg/l),Hg (mg/l),Cd (mg/l),Cr (mg/l),Pb (mg/l),Zn (mg/l),Ca (mg/l),Fe (mg/l),K (mg/l),Mg (mg/l),Na (mg/l),OG (mg/l),MBAS (mg/l),E-coli (cfu/100ml),Coliform (cfu/100ml)
6.91,5.833333333,17,15.16666667,7.228333333,0.901666667,29.06283333,80.53333333,0.038333333,12.4,44,59.16666667,2.54,5.333333333,0.246,0.006833333,0.001,0.001,0.001,0.001,0.0095,2.26,0.47,2.366666667,0.533333333,5.033333333,1,0.05,7116.666667,66333.33333
7.313166667,5.166666667,17.66666667,225.5,7.199083333,0.648333333,28.09875,77.745,0.034916667,131.0848333,67.75,293.25,1.819090909,5.818181818,0.147777778,0.006083333,0.001,0.001,0.001,0.004166667,0.0135,2.266666667,0.415,2.9,0.46,5.2,1,0.05,58825,627666.6667
8.576492068,3.951585702,11.31872067,48.4506091,7.119901394,-0.066000011,24.6913963,28.48161366,0.008314785,31.17474525,45.53723734,211.7980572,1.930372691,4.26788691,0.105336752,0.00671483,0.001,0.001,0.001,0.0025,0.021224918,2.100864725,0.445577408,2.977184692,0.168285088,4.382075675,1,0.05,7513.99379,22671.49016
8.875629571,3.604079363,10.65475986,53.70420972,7.119178511,-0.184242179,23.86751538,18.69130199,0.002878328,34.55513097,44.92156365,239.6891687,1.955757166,3.918809106,0.080535332,0.006992314,0.001,0.001,0.001,0.00425,0.022913161,2.179729723,0.454130863,3.006098892,0.115615111,4.274416243,1,0.05,8472.213074,16810.57119
9.119264833,3.397050371,10.0624552,58.0843524,7.099388501,-0.287868346,23.15161119,9.681907408,-0.002183705,37.9200485,46.03303202,273.4219108,1.964328464,3.839721109,0.067002529,0.007234313,0.001,0.001,0.001,0.004166667,0.024971365,2.311190732,0.460798754,3.101384639,0.063041246,4.315339768,1,0.05,9451.715539,11141.9653
9.436525936,3.147132178,9.60300841,62.39109107,7.109519387,-0.418919657,22.34137757,-1.378052447,-0.008215372,40.58520261,44.54458218,297.8641352,1.922709801,3.46157495,0.045924802,0.00735455,0.001,0.001,0.001,0.0025,0.02680423,2.397250361,0.465807979,3.099598359,0.010336837,4.161402417,1,0.05,10396.66295,5460.18656
9.675594395,2.952271606,9.183197915,67.34993376,7.093881323,-0.519307096,21.62390656,-9.783189043,-0.012994627,44.23809032,44.99485762,328.4387655,1.94359927,3.375677713,0.031545597,0.007693841,0.001,0.001,0.001,0.00425,0.028766007,2.524463763,0.471793211,3.208317991,-0.0423694,4.219782051,1,0.05,11369.10949,18.72987224